,Post,Time
0,Can you rate my presentation before I submit it? (Beginner; roast away),2023-11-27 07:52:56
1,About advanced DAX,2023-11-26 22:39:01
2,Would you like alpha test a new data analyst mock interview app?,2023-11-26 22:01:10
3,I made a 5-minute video on how to create a DYNAMIC MAP in Excel using slicers!,2023-11-26 17:52:36
4,Zero Division Error in Likes/Dislikes Ratio of YouTube Data,2023-11-26 13:23:42
5,Help me please my data analysis career depends on that,2023-11-25 21:24:56
6,Why did companies even hire many people in 2020-2022 only to lay em off now?,2023-11-25 18:25:52
7,"I shared a Data Analysis Project video on YouTube, also shared the dataset in description",2023-11-25 13:35:13
8,Descriptive Statistics for Relationships,2023-11-25 06:24:11
9,Can soft skills be learned through courses ?,2023-11-25 03:04:37
10,"French Data Analysts : what are your salary (as junior and senior), and what are your daily missions ?",2023-11-24 21:36:02
11,Need some guidance from all of you,2023-11-24 16:11:46
12,Satured market?,2023-11-24 15:14:43
13,where can i find Business task?,2023-11-24 15:08:09
14,Seniority bias and blocker mentality,2023-11-24 13:34:00
15,What are some of the new trends you‚Äôre seeing in Data analysis?,2023-11-24 01:43:47
16,"Analysts, how do you solve complex coding problems",2023-11-23 18:21:09
17,Am I asking for too much??,2023-11-23 17:12:31
18,Data skills,2023-11-23 15:30:18
19,Is this a correlation exercise?,2023-11-23 13:59:55
20,SQL Advice,2023-11-23 13:49:44
21,"A takedown of Alteryx, no-code data as a 'thing', and the people who force it on talented data analysts.",2023-11-22 23:11:00
22,End to end Data pipeline article for Zillow,2023-11-22 20:49:25
23,Predict future value with LSTM,2023-11-22 20:42:22
24,Whatagraph Black Friday offer (-20% on annual plans),2023-11-22 20:00:17
25,Should I take this new job?,2023-11-22 19:30:50
26,Improvement in companies Data Literacy,2023-11-22 14:59:53
27,Chess and Data Analytics: Insights from Gary Kasparov's Book,2023-11-22 13:00:14
28,"Not mean to offense but, why do i find data analyst job alienating?",2023-11-22 10:37:25
29,Anyone using a Mac as an analyst?,2023-11-21 19:45:21
30,PowerBI resources,2023-11-21 18:27:16
31,Color analysis,2023-11-21 16:57:26
32,Lean Advanced Tableau,2023-11-21 15:15:18
33,How to measure player performance consistency?,2023-11-21 10:34:41
34,Power BI Search Bar for numbers,2023-11-21 10:32:23
35,What are signs of a poorly managed data analysis project?,2023-11-21 05:05:30
36,Should I leave my FTE job for a contract?,2023-11-21 02:20:44
37,"Can I use projects and labs from my school that I have created on my resume, or do they need to be personal projects?",2023-11-20 22:49:20
38,Best Laptops for Data Analysts -budget ¬£500,2023-11-20 22:43:22
39,Advice to negotiate with head of department,2023-11-20 17:27:14
40,Should I quit my current job? I‚Äôm the only data analyst in the entire department.,2023-11-20 13:12:35
41,"Can someone please explain how to navigate SQL servers, engines, studios, etc., like I'm 5?",2023-11-19 23:42:54
42,I'm building an AI-powered app for data visualization,2023-11-19 22:28:56
43,Looking for feedback on the explainer/jargon on our comparison scale project,2023-11-19 21:29:21
44,3-Minute Video on Combining Datasets in Excel using the Power Query Tool!,2023-11-19 18:06:34
45,Long String Remove Text After Specific Text Appears?,2023-11-19 17:57:40
46,Title: üé¨ Exploring Christopher Nolan's Cinematic Journey: A Data Dive! üåü,2023-11-19 12:59:59
47,Tableau,2023-11-19 11:08:34
48,Is Sr. BA to Sr. DA a lateral move?,2023-11-19 04:17:03
49,I need to interview a Data Analyst for a paper in my Business Writing class,2023-11-19 01:47:01
50,I shared a 1+ Hour Python Data Visualization course on YouTube,2023-11-18 19:56:56
51,Seeking Advice: Organizing Database Notes Effectively as a New Analyst,2023-11-18 19:56:27
52,How to fine-tune LLMs using LoRA - Explained,2023-11-18 19:55:00
53,Should I resign from my current job?,2023-11-18 19:49:59
54,Your process for the ‚Äúfind me something interesting‚Äù question,2023-11-18 19:23:46
55,Pulling Sports Data into Excel,2023-11-18 18:58:47
56,High Level Workflow for new datasets,2023-11-18 03:23:20
57,Filter Data with Query Function | Python for Data Analysts,2023-11-18 02:16:11
58,I feel I am a bad fit and need advice,2023-11-18 00:05:14
59,What kind of skill sets for Python are needed to say I‚Äôm proficient?,2023-11-17 20:28:35
60,How can you gain more experience if you are completely ignored ? (Text-heavy),2023-11-17 19:18:32
61,Tell me about deployment of project for data analyst?,2023-11-17 18:41:21
62,OC - We asked 189 companies what is the state of their data stack in 2023 (Interactive dashboard).,2023-11-17 15:24:41
63,a newbe in the field lol,2023-11-17 14:31:27
64,Mentorship,2023-11-17 14:06:38
65,Connecting Snowflake to PowerBI,2023-11-17 12:42:02
66,"I'm new to data analysis and excel and I'm having trouble figuring out how to do regression, scatter plots etc",2023-11-17 10:50:43
67,Work Process?,2023-11-17 05:22:35
68,Building a P&L Power BI dashboard. I require examples of sample tables of accounting data.,2023-11-16 21:06:23
69,Maybe I need to adjust my expectations‚Ä¶,2023-11-16 16:30:40
70,Made some data analysis on my pharmacy,2023-11-16 13:40:51
71,Hands-on workshop for faster query performance,2023-11-16 11:50:54
72,How do you showcase your work as a Data Analyst?,2023-11-16 10:56:07
73,Help with Power BI,2023-11-16 10:25:35
74,Development as Junior Data Analyst,2023-11-16 09:13:43
75,3D Spreadsheets in Excel,2023-11-16 01:41:37
76,Where Data Analytics Beats Data Science,2023-11-15 23:39:28
77,Help With Voter Registry - Student,2023-11-15 23:25:24
78,How is your data project managed?,2023-11-15 21:48:15
79,Case Study Assistance,2023-11-15 21:12:20
80,Come check out my exploratory data analysis project on Youtube,2023-11-15 18:42:05
81,Ergonomics Project.,2023-11-15 17:06:25
82,Are these two people the same? Solving entity resolution with LLMs,2023-11-15 16:02:02
83,Types of analysts in all industries?,2023-11-15 15:33:48
84,"""Data Roomba"" to get clean-up tasks done faster",2023-11-15 14:01:31
85,Percent Change | Python for Data Analyst | Pandas Functions,2023-11-15 04:06:08
86,Free Product: Auto-generated Data Dictionary for your Data & Analytics teams,2023-11-14 22:23:42
87,What is your workload like as a data analyst?,2023-11-15 00:04:14
88,Large list of plumbers and landscapers how to verify they are in business via gov websites?,2023-11-14 19:19:19
89,Personal finance analytics,2023-11-14 17:14:34
90,Should I purchase Datacamp subscription review,2023-11-14 12:59:37
91,"How, what and from where can I learn statistics required for DA?",2023-11-14 06:49:44
92,Can‚Äôt find the error,2023-11-14 04:50:35
93,for aspiring data analysts unsure how to stand out in today's job market....,2023-11-14 04:13:50
94,GitHub sql portfolio,2023-11-13 22:55:13
95,Is it cheating to use Excel?,2023-11-13 19:28:11
96,How can you politely tell your manager you don‚Äôt want to work with a certain person?,2023-11-13 16:11:33
97,Student help - survey comparisons,2023-11-13 15:57:55
98,Configurable circular Sankey chart for Follow-The-Money Analysis,2023-11-13 14:30:51
99,Seeking Guidance from Healthcare Analysts: Analytics for a Small Surgical Center in India.,2023-11-13 14:22:37
